-- MySQL dump 10.13  Distrib 5.5.53, for Win32 (AMD64)
--
-- Host: 127.0.0.1    Database: laravel
-- ------------------------------------------------------
-- Server version	5.5.53

/*!40101 SET @OLD_CHARACTER_SET_CLIENT=@@CHARACTER_SET_CLIENT */;
/*!40101 SET @OLD_CHARACTER_SET_RESULTS=@@CHARACTER_SET_RESULTS */;
/*!40101 SET @OLD_COLLATION_CONNECTION=@@COLLATION_CONNECTION */;
/*!40101 SET NAMES utf8 */;
/*!40103 SET @OLD_TIME_ZONE=@@TIME_ZONE */;
/*!40103 SET TIME_ZONE='+00:00' */;
/*!40014 SET @OLD_UNIQUE_CHECKS=@@UNIQUE_CHECKS, UNIQUE_CHECKS=0 */;
/*!40014 SET @OLD_FOREIGN_KEY_CHECKS=@@FOREIGN_KEY_CHECKS, FOREIGN_KEY_CHECKS=0 */;
/*!40101 SET @OLD_SQL_MODE=@@SQL_MODE, SQL_MODE='NO_AUTO_VALUE_ON_ZERO' */;
/*!40111 SET @OLD_SQL_NOTES=@@SQL_NOTES, SQL_NOTES=0 */;

--
-- Table structure for table `address`
--

DROP TABLE IF EXISTS `address`;
/*!40101 SET @saved_cs_client     = @@character_set_client */;
/*!40101 SET character_set_client = utf8 */;
CREATE TABLE `address` (
  `use_id` int(11) NOT NULL AUTO_INCREMENT,
  `use_name` varchar(255) DEFAULT NULL,
  `use_tel` varchar(255) DEFAULT NULL,
  `use_city` varchar(255) DEFAULT NULL,
  `city_details` varchar(225) DEFAULT NULL,
  `use_status` int(1) DEFAULT NULL,
  `user_id` int(11) DEFAULT NULL,
  `is_del` int(11) NOT NULL,
  PRIMARY KEY (`use_id`)
) ENGINE=MyISAM AUTO_INCREMENT=8 DEFAULT CHARSET=utf8;
/*!40101 SET character_set_client = @saved_cs_client */;

--
-- Dumping data for table `address`
--

LOCK TABLES `address` WRITE;
/*!40000 ALTER TABLE `address` DISABLE KEYS */;
INSERT INTO `address` VALUES (1,'阿勇','13262108253','北京','经管',0,27,0),(2,'勇哥','13781969890','北京','西门4楼430',0,27,0),(7,'啊勇666','110','北京','430',1,27,0);
/*!40000 ALTER TABLE `address` ENABLE KEYS */;
UNLOCK TABLES;

--
-- Table structure for table `buy`
--

DROP TABLE IF EXISTS `buy`;
/*!40101 SET @saved_cs_client     = @@character_set_client */;
/*!40101 SET character_set_client = utf8 */;
CREATE TABLE `buy` (
  `id` int(11) NOT NULL AUTO_INCREMENT,
  `goods_id` int(11) DEFAULT NULL,
  `uid` int(11) DEFAULT NULL,
  `buy_num` varchar(225) DEFAULT NULL,
  `status` int(11) DEFAULT NULL,
  `create_time` int(11) DEFAULT NULL,
  PRIMARY KEY (`id`)
) ENGINE=MyISAM AUTO_INCREMENT=5 DEFAULT CHARSET=utf8;
/*!40101 SET character_set_client = @saved_cs_client */;

--
-- Dumping data for table `buy`
--

LOCK TABLES `buy` WRITE;
/*!40000 ALTER TABLE `buy` DISABLE KEYS */;
INSERT INTO `buy` VALUES (1,6,27,'0',2,1551083481),(2,54,27,'0',2,1551083864),(3,72,27,'0',2,1551083892),(4,24,27,'0',2,1551083911);
/*!40000 ALTER TABLE `buy` ENABLE KEYS */;
UNLOCK TABLES;

--
-- Table structure for table `category`
--

DROP TABLE IF EXISTS `category`;
/*!40101 SET @saved_cs_client     = @@character_set_client */;
/*!40101 SET character_set_client = utf8 */;
CREATE TABLE `category` (
  `cate_id` int(11) NOT NULL AUTO_INCREMENT,
  `cate_name` varchar(20) DEFAULT NULL,
  `cate_show` tinyint(4) DEFAULT NULL,
  `cate_navshow` tinyint(4) DEFAULT NULL,
  `pid` int(11) DEFAULT NULL,
  `create_time` int(11) DEFAULT NULL,
  PRIMARY KEY (`cate_id`)
) ENGINE=InnoDB AUTO_INCREMENT=227 DEFAULT CHARSET=utf8;
/*!40101 SET character_set_client = @saved_cs_client */;

--
-- Dumping data for table `category`
--

LOCK TABLES `category` WRITE;
/*!40000 ALTER TABLE `category` DISABLE KEYS */;
INSERT INTO `category` VALUES (1,'生鲜水果',1,1,0,1542445107),(2,'母婴玩具',1,1,0,1542445107),(3,'家居建材',1,1,0,1542445107),(4,'生活电器',1,1,0,1542445107),(5,'空调',1,2,4,1542445107),(6,'冰箱',1,2,4,1542445107),(7,'洗衣机',1,2,4,1542445107),(8,'卧室家具',1,2,3,1542445107),(9,'书房儿童',1,2,3,1542445107),(10,'蛋类',1,2,1,1542445107),(11,'肉类',1,2,1,1542445107),(12,'海鲜',1,2,1,1542445107),(13,'三文鱼',1,2,12,1542445107),(14,'鸡蛋',1,2,10,1542445107),(15,'牛肉',1,2,11,1542445107),(16,'电脑桌',1,2,9,1542445107),(17,'儿童床',1,2,9,1542445107),(18,'衣柜',1,2,8,1542445107),(19,'床',1,2,8,1542445107),(20,'节能空调',1,2,5,1542445107),(21,'三门冰箱',1,2,6,1542445107),(22,'滚筒洗衣机',1,2,7,1542445107),(23,'微波炉',1,2,4,1542445107),(25,'光波炉',1,2,23,1542445149),(26,'零食',1,1,0,1542797910),(27,'进口食品',1,2,26,1542797927),(28,'女装',1,1,0,1542933209),(29,'医药保健',1,1,0,1542933224),(30,'美妆',1,1,0,1542933243),(31,'数码',1,1,0,1542933249),(32,'儿童玩具',1,2,2,1542933413),(33,'水果',1,2,1,1542933528),(34,'苹果',1,2,33,1542933542),(35,'香蕉',1,2,33,1542933555),(36,'当季流行',1,2,28,1542943509),(37,'上装',1,2,28,1542943536),(38,'浪漫裙装',1,2,28,1542943554),(39,'家居服',1,2,28,1542943587),(40,'女装新品',1,2,36,1542943691),(41,'商场同款',1,2,36,1542943718),(42,'童装',1,2,2,1542943787),(43,'童鞋',1,2,2,1542943800),(44,'车床用品',1,2,2,1542943821),(45,'喂养',1,2,2,1542943843),(46,'洗护',1,2,2,1542943856),(47,'亲子装',1,2,42,1542943877),(48,'套装',1,2,42,1542943904),(49,'连体衣',1,2,42,1542943933),(50,'学步鞋',1,2,43,1542943959),(51,'亲子鞋',1,2,43,1542943973),(52,'运动鞋',1,2,43,1542943984),(53,'帆布鞋',1,2,43,1542944006),(54,'婴儿推车',1,2,44,1542944032),(55,'学步车',1,2,44,1542944048),(56,'安全座椅',1,2,44,1542944078),(57,'奶瓶',1,2,45,1542944097),(58,'奶嘴',1,2,45,1542944110),(59,'水杯',1,2,45,1542944122),(60,'洗发水',1,2,46,1542944145),(61,'沐浴乳',1,2,46,1542944161),(62,'湿巾',1,2,46,1542944180),(63,'时髦外套',1,2,36,1542944221),(64,'毛呢外套',1,2,37,1542944251),(65,'棉衣',1,2,37,1542944277),(66,'羽绒服',1,2,37,1542944298),(67,'连衣裙',1,2,38,1542944324),(68,'半身裙',1,2,38,1542944343),(69,'A子群',1,2,38,1542944358),(70,'春夏家居服',1,2,39,1542944388),(71,'纯棉家居服',1,2,39,1542944409),(72,'真丝家居服',1,2,39,1542944425),(73,'婴儿玩具',1,2,32,1542944504),(74,'毛绒玩具',1,2,32,1542944529),(75,'儿童自行车',1,2,32,1542944565),(76,'鸭蛋',1,2,10,1542944611),(77,'鹌鹑蛋',1,2,10,1542944625),(78,'驴肉',1,2,11,1542944640),(79,'猪肉',1,2,11,1542944650),(80,'鸡肉',1,2,11,1542944661),(81,'带鱼',1,2,12,1542944678),(82,'鲤鱼',1,2,12,1542944691),(83,'鲍鱼',1,2,12,1542944705),(84,'榴莲',1,2,33,1542944744),(85,'椰子',1,2,33,1542944757),(86,'客厅餐厅',1,2,3,1542944821),(87,'家庭主材',1,2,3,1542944849),(88,'厨房卫浴',1,2,3,1542944880),(89,'成套家具',1,2,3,1542944903),(90,'沙发',1,2,86,1542944935),(91,'酒柜',1,2,86,1542944949),(92,'橱柜',1,2,86,1542944964),(93,'客厅成套',1,2,89,1542944987),(94,'餐厅成套',1,2,89,1542945011),(95,'卧室成套',1,2,89,1542945039),(96,'浴霸',1,2,88,1542945082),(97,'马桶',1,2,88,1542945100),(98,'花洒',1,2,88,1542945118),(99,'瓷砖',1,2,87,1542945177),(100,'壁纸',1,2,87,1542945193),(101,'涂鸦',1,2,87,1542945209),(102,'新鲜蔬菜',1,2,1,1542945246),(103,'冰淇淋',1,2,1,1542945257),(104,'土豆',1,2,102,1542945284),(105,'山药',1,2,102,1542945302),(106,'番薯',1,2,102,1542945312),(107,'哈根达斯',1,2,103,1542945360),(108,'本杰瑞',1,2,103,1542945382),(109,'厨房大电',1,2,4,1542945449),(110,'平板电视',1,2,4,1542945471),(111,'全自动洗衣机',1,2,7,1542945512),(112,'变频空调',1,2,5,1542945527),(113,'双开门冰箱',1,2,6,1542945551),(114,'国产',1,2,110,1542945600),(115,'外资',1,2,110,1542945614),(116,'曲面',1,2,110,1542945626),(117,'烟灶套装',1,2,109,1542945678),(118,'洗碗机',1,2,109,1542945702),(119,'消毒柜',1,2,109,1542945724),(120,'数码配件',1,2,31,1542945933),(121,'热门手机',1,2,31,1542945950),(122,'电脑组装',1,2,31,1542945966),(123,'硬件储存',1,2,31,1542946012),(124,'摄影摄像',1,2,31,1542946025),(125,'小米',1,2,121,1542946093),(126,'华为',1,2,121,1542946105),(127,'iPhone',1,2,121,1542946141),(128,'笔记本',1,2,122,1542946177),(129,'平板',1,2,122,1542946191),(130,'台式',1,2,122,1542946202),(131,'手机配件',1,2,120,1542946230),(132,'笔记本配件',1,2,120,1542946252),(133,'充电宝',1,2,120,1542946290),(134,'显示器',1,2,123,1542946341),(135,'CPU',1,2,123,1542946352),(136,'硬盘',1,2,123,1542946364),(137,'影音娱乐',1,2,31,1542946405),(138,'天猫魔盒',1,2,137,1542946444),(139,'耳机',1,2,137,1542946457),(140,'家庭影院',1,2,137,1542946471),(141,'相机',1,2,124,1542946488),(142,'单反',1,2,124,1542946503),(143,'摄像机',1,2,124,1542946521),(144,'护肤品',1,2,30,1542946633),(145,'彩妆',1,2,30,1542946650),(146,'美发护发',1,2,30,1542946694),(147,'口腔护理',1,2,30,1542946710),(148,'男士护肤',1,2,30,1542946742),(149,'肤质推选',1,2,30,1542946775),(150,'面膜',1,2,144,1542946799),(151,'身体乳',1,2,144,1542946822),(152,'卸妆',1,2,144,1542946836),(153,'香水',1,2,145,1542946852),(154,'BB霜',1,2,145,1542946872),(155,'洁面',1,2,148,1542946910),(156,'爽肤水',1,2,148,1542946973),(157,'控油',1,2,148,1542947007),(158,'干性',1,2,149,1542947034),(159,'敏感性',1,2,149,1542947053),(160,'护发素',1,2,146,1542947100),(161,'发膜',1,2,146,1542947120),(162,'牙膏',1,2,147,1542947161),(163,'牙刷',1,2,147,1542947190),(164,'保健品',1,2,29,1542947470),(165,'滋补品',1,2,29,1542947505),(166,'医药',1,2,29,1542947526),(167,'隐形眼睛',1,2,29,1542947561),(168,'医疗器械',1,2,29,1542947583),(169,'医疗服务',1,2,29,1542947598),(170,'芦荟',1,2,164,1542947614),(171,'玛卡',1,2,164,1542947629),(172,'蜂蜜',1,2,165,1542947651),(173,'阿胶',1,2,165,1542948990),(174,'感冒咳嗽',1,2,166,1542949037),(175,'成人用品',1,2,166,1542949065),(176,'制氧机',1,2,168,1542949103),(177,'体温计',1,2,168,1542949123),(178,'强生美瞳',1,2,167,1542949155),(179,'博士伦',1,2,167,1542949175),(180,'爱康国宾',1,2,169,1542949210),(181,'月子中心',1,2,169,1542949231),(182,'下装',1,2,28,1542949352),(183,'特色女装',1,2,28,1542949370),(184,'休闲裤',1,2,182,1542949390),(185,'阔腿裤',1,2,182,1542949408),(186,'时尚套装',1,2,183,1542949432),(187,'休闲套装',1,2,183,1542949454),(188,'休闲零食',1,2,26,1542949632),(189,'酒类',1,2,26,1542949654),(190,'茶叶',1,2,26,1542949686),(191,'乳品冲饮',1,2,26,1542949713),(192,'粮油速食',1,2,26,1542949736),(193,'进口巧克力',1,2,27,1542949776),(194,'进口饼干',1,2,27,1542949799),(195,'坚果',1,2,188,1542949822),(196,'饼干',1,2,188,1542949838),(197,'白酒',1,2,189,1542949857),(198,'红酒',1,2,189,1542949875),(199,'西湖龙井',1,2,190,1542949907),(200,'绿茶',1,2,190,1542949928),(201,'牛奶',1,2,191,1542949949),(202,'酸奶',1,2,191,1542949964),(203,'橄榄油',1,2,192,1542949983),(204,'大米',1,2,192,1542950001),(205,'首饰',1,2,0,1543480550),(206,'鱿鱼',1,2,12,1543481830),(207,'黄金首饰',1,2,205,1543481873),(208,'钻石彩宝',1,2,205,1543481907),(209,'珍珠玉翠',1,2,205,1543481967),(210,'腕表',1,2,205,1543481991),(211,'潮流饰品',1,2,205,1543482022),(212,'眼镜',1,2,205,1543482082),(213,'足金饰品',1,2,207,1543482262),(214,'婚嫁套饰',1,2,207,1543482312),(215,'钻石吊坠',1,2,208,1543486587),(216,'红蓝宝石',1,2,208,1543486605),(218,'海水珍珠',1,2,209,1543486708),(219,'和田玉',1,2,209,1543486805),(220,'传统银饰',1,2,211,1543486842),(221,'手链',1,2,211,1543486862),(222,'瑞士名表',1,2,210,1543486890),(223,'经典国表',1,2,210,1543486931),(224,'墨镜',1,2,212,1543486973),(225,'暴龙',1,2,212,1543486996),(226,'烤箱',1,2,23,1543487111);
/*!40000 ALTER TABLE `category` ENABLE KEYS */;
UNLOCK TABLES;

--
-- Table structure for table `code`
--

DROP TABLE IF EXISTS `code`;
/*!40101 SET @saved_cs_client     = @@character_set_client */;
/*!40101 SET character_set_client = utf8 */;
CREATE TABLE `code` (
  `id` int(11) NOT NULL AUTO_INCREMENT,
  `code` varchar(10) DEFAULT NULL,
  `tel` varchar(20) DEFAULT NULL,
  `timeout` int(11) DEFAULT NULL,
  `status` tinyint(4) DEFAULT NULL,
  PRIMARY KEY (`id`)
) ENGINE=MyISAM AUTO_INCREMENT=4 DEFAULT CHARSET=utf8;
/*!40101 SET character_set_client = @saved_cs_client */;

--
-- Dumping data for table `code`
--

LOCK TABLES `code` WRITE;
/*!40000 ALTER TABLE `code` DISABLE KEYS */;
INSERT INTO `code` VALUES (3,'3076','13262108253',1550795499,1);
/*!40000 ALTER TABLE `code` ENABLE KEYS */;
UNLOCK TABLES;

--
-- Table structure for table `goods`
--

DROP TABLE IF EXISTS `goods`;
/*!40101 SET @saved_cs_client     = @@character_set_client */;
/*!40101 SET character_set_client = utf8 */;
CREATE TABLE `goods` (
  `goods_id` int(11) NOT NULL AUTO_INCREMENT,
  `goods_name` varchar(45) DEFAULT NULL,
  `goods_selfprice` float DEFAULT NULL,
  `member_price` float DEFAULT NULL,
  `goods_marketprice` float DEFAULT NULL,
  `promotion_price` float DEFAULT NULL,
  `goods_up` tinyint(4) DEFAULT NULL,
  `goods_new` tinyint(4) DEFAULT '2',
  `goods_best` tinyint(4) DEFAULT '2',
  `goods_hot` tinyint(4) DEFAULT '2',
  `goods_num` int(11) DEFAULT NULL,
  `goods_score` int(11) DEFAULT NULL,
  `goods_img` varchar(255) DEFAULT NULL,
  `goods_imgs` varchar(255) DEFAULT NULL,
  `goods_desc` text,
  `create_time` int(11) DEFAULT NULL,
  `cate_id` int(11) NOT NULL,
  `brand_id` int(11) NOT NULL,
  `goods_salenum` int(10) DEFAULT NULL,
  `goods_commodity` varchar(100) DEFAULT NULL,
  PRIMARY KEY (`goods_id`),
  KEY `fk_shop_goods_shop_category_idx` (`cate_id`),
  KEY `fk_shop_goods_shop_brand1_idx` (`brand_id`)
) ENGINE=InnoDB AUTO_INCREMENT=99 DEFAULT CHARSET=utf8;
/*!40101 SET character_set_client = @saved_cs_client */;

--
-- Dumping data for table `goods`
--

LOCK TABLES `goods` WRITE;
/*!40000 ALTER TABLE `goods` DISABLE KEYS */;
INSERT INTO `goods` VALUES (1,'亨奇 摇表器 机械手表德国进口全自动',468,NULL,700,NULL,1,1,1,1,30,200,'20181129\\e4af8aa23a7133114cf3a56991af9879.jpg','',NULL,1543487016,223,28,2311,NULL),(2,'弘艺堂首饰盒木质公主欧式韩国 实木多',398,NULL,536,NULL,1,1,1,2,188,666,'20181129\\bad2c3cef7ba9afaad686a1ec01018e1.jpg','',NULL,1543487201,222,29,5546,NULL),(3,'锦贝传说螺钿漆器结婚礼物首饰盒木质',599,NULL,999,NULL,1,2,2,1,1313,10000,'20181129\\5f80c655572a5b4c1688649c13564662.jpg','',NULL,1543487378,220,32,8978,NULL),(4,'法缇雅摇表器自动机械手表盒子上弦器',198,NULL,229,NULL,1,1,2,2,9000,3123,'20181129\\e4af8aa23a7133114cf3a56991af9879.jpg','',NULL,1543487548,222,33,1321,NULL),(5,'摇表器 自动机械表上链器 手表盒收纳',299,NULL,499,NULL,1,1,2,2,8888,100,'20181129\\bab7026ecfca755b7845ce99e2dd03f1.jpg','',NULL,1543487642,223,32,342,NULL),(6,'乡康香卤蛋鸡蛋喜蛋',374,NULL,42,NULL,1,1,1,2,222,20,'20181206\\b61777d81bd85f49ca861e54f5d6f79f.jpg','20181206\\e45ae14336fe303e35f0361a8d9f4af7.jpg|20181206\\20f870a6ac7199b0340c990e74d54f3f.jpg|20181206\\0909cb576ab8b0779bca97357f77d2ff.jpg|',NULL,1543487784,14,28,654,NULL),(7,'摇表器 德国品质进口马达转表器晃表器 ',200,NULL,399,NULL,1,2,1,2,700,6768,'20181129\\5d70d13c976c401ee09849ec30ee00cf.jpg','',NULL,1543487812,222,27,1414,NULL),(8,'新品】施华洛世奇2018MAGIC雪花',1190,NULL,1599,NULL,1,1,1,2,1190,14343,'20181129\\12cd58332ca929aa51319ae42e8c7e1b.jpg','',NULL,1543487998,221,32,132,NULL),(9,'明牌珠宝黄金手镯 足金匠心简约心跳呆口女款手镯AFI0056 工费300',8983.65,NULL,10000,NULL,1,1,2,1,123,6000,'20181129\\2ea1cd8af3e587674241cd352799fce2.jpg','',NULL,1543488208,221,31,5435,NULL),(10,'Apple/苹果 iPhone 8 Plus',5999,NULL,6199,NULL,1,1,1,2,50,500,'20181129\\99373568dad2833fcdbc6c4e22c0fceb.jpg','',NULL,1543488382,127,36,34534,NULL),(11,'honor/荣耀 荣耀magic 2',4299,NULL,4599,NULL,1,1,1,2,47,400,'20181129\\8de490c092088ff9f94e01782ad5e750.png','',NULL,1543488492,126,37,132214,NULL),(12,'Haier/海尔 BCD-206STPA 三门式 206升三门 中门软冷冻 0解冻时间',1499,NULL,1599,NULL,1,1,1,2,66,1314,'20181129\\c4d5a1ce270cdecb12eea9c184ed29fb.jpg','',NULL,1543488527,113,1,42423,NULL),(13,'Haier/海尔 BCD-258WDPM 三门式 风冷无霜 杀菌技术 瞬时断电记忆',2299,NULL,2599,NULL,1,1,1,2,32423,4564,'20181129\\5e5cfe50ffd60d0b1c37fa4de5489b1a.jpg','',NULL,1543488565,21,1,4242,NULL),(14,'科智 20000',59,NULL,80,NULL,1,1,2,1,85,25,'20181129\\58d83e42bb81496cde24c47f2e7b92d0.jpg','',NULL,1543488593,133,41,23424,NULL),(15,'Dell/戴尔 G7 GTX1060MQ 6G独显游',7399,NULL,7599,NULL,1,1,1,2,34,740,'20181129\\7b095500adf6c1edd282c30f53074242.jpg','',NULL,1543488699,128,44,54353,NULL),(16,'Haier/海尔 BCD-572WDENU1 对开双门式',3499,NULL,4999,NULL,1,2,1,1,1314,1314,'20181129\\66d10eb278de4cc359f9faa1a3ebd9e6.jpg','',NULL,1543488743,113,1,13131,NULL),(17,'Midea/美的 BCD-521WKM(E) 对开双门式 风冷无霜 纤薄机身 电脑控温',2899,NULL,2999,NULL,1,1,1,2,435,1334,'20181129\\44b52db925c3b0aed2a3e7d06f8498cc.jpg','',NULL,1543488796,113,3,23424,NULL),(18,'Asus/华硕 飞行堡垒5代FX80GE游戏本',6599,NULL,6798,NULL,1,1,2,1,22,650,'20181129\\ba526a911ec60cfa1e054be25aedf012.jpg','',NULL,1543488801,128,43,1314,NULL),(19,'Midea/美的 KFR-35GW/WCBD3@',2299,NULL,3000,NULL,1,1,1,2,9998,3123,'20181129\\9e7ee20b8b3b0123d2c861c8b9399354.jpg','',NULL,1543488951,20,3,5435,NULL),(20,'Midea/美的 KFR-35GW/WCBD3@',2299,NULL,3000,NULL,1,1,1,2,9999,3123,'20181129\\9e7ee20b8b3b0123d2c861c8b9399354.jpg','',NULL,1543488951,20,3,6546,NULL),(21,'Audio Technica/铁三角 ATH-CLR100IS  铁三角官方旗舰店   等',138,NULL,150,NULL,1,1,2,1,150,30,'20181129\\a0211541a450630e28f4fd5dda13fb6c.jpg','',NULL,1543488964,139,26,4234,NULL),(22,'Canon/佳能 EOS 5D Mark IV机身 36',15999,NULL,17499,NULL,1,1,2,1,10,1599,'20181129\\7c17fdba7951ddeaeb7eff9e0c022e1f.jpg','',NULL,1543489046,141,38,5546,NULL),(23,'¥2849.00 Gree/格力 KFR-35GW/NhBaD3',2849.9,NULL,2999,NULL,1,1,1,2,3550,355,'20181129\\80fed78b98d94d09360f098c0c8fb7de.jpg','',NULL,1543489053,112,3,35453,NULL),(24,'¥3599.00 Haier/海尔 KFR-50GW/13NHA13',3599,NULL,3799,NULL,1,1,1,1,3134,988,'20181129\\e4bc392c25020c4dd560b5756563798a.jpg','',NULL,1543489123,112,1,3123,NULL),(25,'Kingston/金士顿 SA400S37/120G 固',186,NULL,198,NULL,1,1,2,1,200,15,'20181129\\1cc85d803f4be6d6e0a6ae6035ace9a9.jpg','',NULL,1543489168,136,42,4322,NULL),(26,'Haier/海尔 EG10014B39GU1 10公斤大容量、BLDC变频、消毒洗',2699,NULL,2999,NULL,1,1,1,2,7777,21312,'20181129\\5528777bc2ae96bf1b0a9567e4d483f2.jpg','',NULL,1543489488,22,1,4353,NULL),(27,'Midea/美的 MB75-eco11W 美居智能 ',949,NULL,1000,NULL,1,1,2,2,432,1232,'20181129\\8dc2fce412faf0439b0c1b9183d884d8.jpg','',NULL,1543489552,111,3,12313,NULL),(28,'Leader/统帅 @G7012B16W',1499,NULL,1799,NULL,1,1,2,2,230,188,'20181129\\723dd40ca7d42342d2e358805940d99b.jpg','',NULL,1543489639,111,3,21313,NULL),(29,'哥弟秋冬修身显瘦女士裤子 ',299,NULL,349,NULL,1,1,2,1,78,50,'20181129\\056afb56003e05370496f8a4e1c136d0.jpg','',NULL,1543489757,184,34,4241,NULL),(30,'波司登大毛领宽松保暖粉色少女羽绒服',539,NULL,599,NULL,1,1,1,1,47,100,'20181129\\3ab4f93302364d87f74eec32817f546f.jpg','',NULL,1543489841,66,54,32423,NULL),(31,'【现摘现发】陕西红富士苹果5斤新鲜',29.9,NULL,33,NULL,1,1,1,2,112,30,'20181129\\986ca8f470fec9f843295981fe47280d.jpg','',NULL,1543489861,34,62,23432,NULL),(32,'冬季韩版高端紫色羊绒呢大衣 ',768,NULL,799,NULL,1,1,1,1,35,130,'20181129\\990e2f50f457b70572d9039625a53536.jpg','',NULL,1543489937,63,33,3134,NULL),(33,'女士加厚加绒秋冬款法兰绒妈妈套装',138,NULL,169,NULL,1,1,1,1,26,56,'20181129\\9ed4d8556daeb8b201a3bab0c1783978.jpg','',NULL,1543490026,71,40,5645,NULL),(34,'半身裙女高腰冬装2018新款丝绒中长款',279,NULL,319,NULL,1,1,2,1,20,110,'20181129\\109b03fcb6b8b6fa5a12d78cd9695610.jpg','',NULL,1543490096,68,49,8888,NULL),(35,'果滋岛泰国猫山王榴莲新鲜3-13斤水果',208,NULL,245,NULL,1,1,1,2,4992,300,'20181129\\7a87b13f7f15d86347ac3c388509604f.jpg','',NULL,1543490143,84,67,5675,NULL),(36,'春秋时尚金丝绒大码加绒休闲两件套 ',188,NULL,219,NULL,1,1,1,1,21,39,'20181129\\05a6715144876a444c6dac275fc27c20.jpg','',NULL,1543490206,186,68,34545,NULL),(37,'苏洪鲜食泰国椰青椰子9个装原箱大号',82,NULL,100,NULL,1,1,1,1,900,4324,'20181129\\76ecfb1f70075885d7b57cf77339e986.jpg','',NULL,1543490306,85,76,31234,NULL),(38,'唐狮高腰九分韩版显瘦直筒毛边阔腿裤 ',119,NULL,149,NULL,1,1,2,1,105,32,'20181129\\d5fc161490a6372e7a4ff76c31bb94ed.jpg','',NULL,1543490308,185,38,42441,NULL),(39,'现摘海南椰青9个装新鲜包邮当季水果',76.8,NULL,88.8,NULL,1,1,1,2,313,3141,'20181129\\009e3e7d0f9ad47033cf0546c8041d26.jpg','',NULL,1543490447,85,61,4234,NULL),(40,'舒绸坊真丝蚕丝性感春秋家居服 ',598,NULL,669,NULL,1,1,1,2,22,100,'20181129\\cf06c62062d03ba621705562145242f5.jpg','',NULL,1543490453,72,64,6464,NULL),(41,'毛绒玩具',29,NULL,33,NULL,1,1,1,1,89,27,'20181129\\4db33fa372444793f9eeae8e5d8d55ec.jpg','',NULL,1543490643,74,33,7474,NULL),(42,'4斤虾鲜活海鲜水产非青岛超大虾基围虾活虾青虾鲜虾白虾海虾冻虾',129,NULL,155,NULL,1,1,2,1,2,666,'20181206\\f77fd29ecc086bbd4085713ca1184fa3.jpg','20181206\\ae0cdb800ed5cef7e508ce0baf940a63.jpeg|20181206\\ea1fa7d93a4653f3a6368b5e53d7d849.jpeg|20181206\\5d1064f0e7ef4246668bae6b3cbea818.jpg|',NULL,1543490681,13,60,6456,NULL),(43,'三顿饭冰鲜三文鱼腩刺身中段拼盘新鲜',74.88,NULL,88.8,NULL,1,1,1,2,8888,765,'20181129\\a259285e3ea86e008fff5fe5f5390c0a.jpg','',NULL,1543490851,13,63,76867,NULL),(44,'优贝儿童自行车14/16/18寸男女孩童车',1298,NULL,1488,NULL,1,1,1,1,21,200,'20181129\\9f5ce6e85c59a30d9a1f85fe696fc64e.jpg','',NULL,1543490865,75,45,75675,NULL),(45,'德瑞鱼食锦鲤鱼饲料金鱼上浮育成小颗',31,NULL,39,NULL,2,1,1,1,999,575,'20181129\\8b49d682195bd45014015b8b86faa34f.jpg','',NULL,1543490946,82,62,109991,NULL),(46,'亲子装冬装2018新款潮全家装秋装一家',75,NULL,90,NULL,1,1,1,1,28,19,'20181129\\cd5e14dfad18673a452d1cfb03a1609d.jpg','',NULL,1543490954,47,39,131333,NULL),(47,'MIKIHOUSE日本制获奖款一二段学步',729,NULL,759,NULL,1,1,1,1,23,50,'20181129\\04c57bf4578e7fe19637803b82c4cf9b.jpg','',NULL,1543491081,50,46,14123,NULL),(48,'蔬洋 小黄瓜圣女果新鲜包邮组合5斤水',29.8,NULL,39,NULL,1,1,1,2,88,20,'20181129\\ae7c4a68b4cc8ebe8a27c1cf6cfe45a8.jpg','',NULL,1543491131,106,62,42341,NULL),(49,'belecoo贝丽可高景观婴儿推车可坐躺',419,NULL,459,NULL,1,1,1,1,21,180,'20181129\\a6e39ee0842b64819905e6f18d4e1bb7.jpg','',NULL,1543491206,54,55,32423,NULL),(50,'bestborn宝宝保温奶瓶正品婴儿不锈钢',79,NULL,88,NULL,1,1,2,1,53,22,'20181129\\6b85d5204ffc758f380b7bf401e275d7.jpg','',NULL,1543491312,57,52,43242,NULL),(51,'德国海蒂诗气撑榻榻米橱柜上翻门液压',19.9,NULL,25,NULL,1,1,1,2,591,66,'20181129\\c3c8133cb9682b306f1ac718ab9fc2c4.jpg','',NULL,1543491326,93,83,43242,NULL),(52,'gb好孩子婴儿棉柔巾干湿两用宝宝湿纸',198,NULL,219,NULL,1,1,1,1,28,50,'20181129\\489040fd7a459a5b5439336acb7537fa.jpg','',NULL,1543491421,62,51,12313,NULL),(53,'全友家居沙发皮布沙发小户型经济型沙发组合现代简约沙发73018',2499,NULL,3999,NULL,1,1,1,2,300,2000,'20181129\\5b3592a4fd32a8ee2e49226a38296967.jpg','',NULL,1543491459,90,75,12313,NULL),(54,'宝贝第一太空城堡0-4-6岁可躺可坐宝',1480,NULL,1500,NULL,1,1,1,1,16,150,'20181129\\eee365a282360184d22ece137a8028f8.jpg','',NULL,1543491531,56,67,13134,NULL),(55,'德芙巧克力碗装纯黑牛奶礼盒装送女友',23.9,NULL,25,NULL,1,1,1,1,115,32,'20181129\\07a5c1c7bead1d7bda4ce280edee1116.jpg','',NULL,1543491849,193,35,131341,NULL),(56,'Aji酵母减盐味苏打饼干咸味饼干整箱批',40.9,NULL,43,NULL,1,1,1,2,20,40,'20181129\\76fb19b106b723275506ecaa24c59f4b.jpg','',NULL,1543491977,194,64,16546,NULL),(57,'芝华仕头等舱功能沙发 单人沙发布艺 沙发客厅家具k106',1499,NULL,1699,NULL,1,1,2,1,700,31231,'20181129\\ef2a89b7042820c9e2418041c6d0af76.jpg','',NULL,1543492045,90,68,1345,NULL),(58,'满减【三只松鼠_夏威夷果185g】零食',35.9,NULL,38,NULL,1,1,1,1,57,25,'20181129\\145b0067052990ec983f7b16bfbcfc48.jpg','',NULL,1543492094,195,56,13145,NULL),(59,'诺斯清生理盐水洗鼻水生理性海水鼻腔喷雾儿童喷雾海盐水洗鼻器',59,NULL,67,NULL,1,1,1,1,54,14,'20181129\\58148407529daa2b000efd64ad84c604.jpg','',NULL,1543492211,170,96,43255,NULL),(60,'拉菲红酒 拉菲官方正品原装瓶进口巴斯',528,NULL,528,NULL,1,1,1,1,200,189,'20181129\\2be4192c2bd731ffb5253e6f47a07f69.jpg','',NULL,1543492231,198,73,13134,NULL),(61,'蔺酷雅后现代简约轻奢不锈钢茶几电视',2500,NULL,3233,NULL,1,1,1,2,470,43232,'20181129\\c380cb00d13a332fa95ea64c4432517f.jpg','',NULL,1543492294,93,73,114234,NULL),(62,'清承堂绿茶2018新茶叶毛尖茶日照高山',55,NULL,67,NULL,1,1,1,2,204,12,'20181129\\238633d3aa74bc8f6902e027cf14ff95.jpg','',NULL,1543492308,200,62,31213,NULL),(63,'卧室成套家具套装组合简约现代小户型',9900,NULL,9999,NULL,1,1,1,1,666,1888,'20181129\\3daa63c564e131438fa8f14fc767fc40.jpg','',NULL,1543492380,95,76,14231,NULL),(64,' 美国进口dermatix倍舒痕胶祛疤膏贴去疤痕修复凝胶淡化伤疤澳洲',105,NULL,203,NULL,1,1,1,1,46,16,'20181129\\442939b5048a5e8951ea159a79157e63.jpg','',NULL,1543492385,171,95,131334,NULL),(65,'10月伊利安慕希风味酸奶高端原味畅饮',56,NULL,89,NULL,1,1,1,1,121,34,'20181129\\b8081606b91c0f64da1937dbdd1d8e90.jpg','',NULL,1543492436,202,54,1314,NULL),(66,'周林频谱仪ws-301家用理疗仪旗舰店多功能烤电烤灯保健治疗仪医用',152,NULL,204,NULL,1,1,1,1,54,49,'20181129\\0b9ccb8ec100864f0556cc0a00f9cf37.jpg','',NULL,1543492476,173,50,4141,NULL),(67,'逸致钢化玻璃电视柜现代简约地柜小户',2706,NULL,2890,NULL,1,1,1,2,5353,2500,'20181129\\412fccf2fa7d99cf9a0a4452c25fa93a.jpg','',NULL,1543492531,94,44,11414,NULL),(68,'买4省60元 蓓琳娜新货原装进口PDO特',179,NULL,199,NULL,1,1,1,1,54,56,'20181129\\c6b93b13036df4e375bf66a88ee38f4f.jpg','',NULL,1543492554,203,55,14114,NULL),(69,'邦列安高效单体银抗菌凝胶慢性前列腺炎治疗男科尿频尿急尿不尽男',402,NULL,504,NULL,1,1,1,1,42,46,'20181129\\044782e0566e111a7a055b957eb1eb4c.jpg','',NULL,1543492690,175,99,13134,NULL),(70,'雪龙瑞斯 五常稻花香米5KG 五常大米',55,NULL,69,NULL,1,1,1,1,34,24,'20181129\\2720a0ad1e4879288ed3b917224c8a3b.jpg','',NULL,1543492719,204,68,22421,NULL),(71,'倍舒痕硅凝胶15g去疤痕进口疤痕手术修复凝胶膏祛疤膏淡化医用',203,NULL,304,NULL,1,1,1,1,82,15,'20181129\\f3e35c240c11cd5f4b4e9afe941ed0a4.jpg','',NULL,1543492799,174,97,12432,NULL),(72,'雅兰卧室套餐 舒伯特真皮床+深睡1200',6599,NULL,7000,NULL,1,1,1,1,4899,3123,'20181129\\289ae010da968f619ef6fd35da31e926.jpg','',NULL,1543492828,95,43,13145,NULL),(73,'舒痕倍舒痕硅凝胶美国进口Dermatix疤痕修复淡疤伤疤膏淡化医用',505,NULL,664,NULL,1,1,1,1,56,52,'20181129\\18ade0f979af3522e42b88523044f9cf.jpg','',NULL,1543492889,181,98,43534,NULL),(74,'聚法丽莎欧式电视柜大理石茶几组合小户型客厅成套家具套装地柜G2',2180,NULL,2200,NULL,1,1,1,2,1329,1314,'20181129\\4018a1f3899797dcc58e0a35759e62a4.jpg','',NULL,1543492896,19,34,234131,NULL),(75,'进口丝芙康去疤痕贴剖腹产手术修复硅凝胶凹凸伤疤祛疤膏医用正品',509,NULL,769,NULL,1,1,2,1,15,89,'20181129\\1ff1be8ab9ddc3be52a16bf0bb180224.jpg','',NULL,1543493022,180,96,13423,NULL),(76,'One Leaf/一叶子 清颜净肤炭黑面膜 补',129,NULL,138,NULL,1,1,1,1,22,31,'20181129\\eb9bb97cd8f29d7be1d408c01e46d1c8.jpg','',NULL,1543493088,150,43,13134,NULL),(77,'Dermatix倍舒痕美国进口祛疤膏医用去疤痕修复硅凝胶贴澳洲舒痕YM',907,NULL,1109,NULL,1,1,2,1,9,48,'20181129\\2fc4018f8e5f1beea59372370c951c15.jpg','',NULL,1543493111,173,95,32432,NULL),(78,'Nivea/妮维雅 男士净油精华抗痘洁面炭',39.9,NULL,42.9,NULL,1,1,1,1,79,90,'20181129\\15419cc80b0ce1ff07f49bc91c73c64b.jpg','',NULL,1543493647,157,52,21312,NULL),(79,'云南白药牙膏 去口臭美白口气清新缓解口腔 健齿护龈3+2套装535G  云南白药牙膏官方旗',77,NULL,79,NULL,1,1,1,1,332,53,'20181129\\d05a09c00c708345d7a090c635450354.jpg','',NULL,1543493882,162,34,12312,NULL),(80,'¥18.80 日本原装进口LION狮王儿童宝宝婴儿小',17,NULL,19.8,NULL,1,1,2,2,23,22,'20181129\\69fc242a5672f144a5ebbe002ec34802.jpg','',NULL,1543493958,163,40,43243,NULL),(81,'GIORGIO ARMANI/阿玛尼 寄情男士',820,NULL,850,NULL,1,1,1,1,21,314,'20181129\\185ea5f0fd02f378aec6c644d800c1a5.jpg','',NULL,1543494050,153,59,13124,NULL),(82,'LA MER/海蓝之谜 精萃液 高机能精华',1100,NULL,1199,NULL,1,1,1,1,23,433,'20181129\\158ae1f2f9c7ae340f4a565fb34d6c72.jpg','',NULL,1543494125,156,61,12313,NULL),(83,'Shiseido/资生堂 丝蓓绮发膜 ',99,NULL,199,NULL,1,1,1,1,222,42,'20181129\\9a10688bbeacd9ef1d69b2c1afcfc36c.jpg','',NULL,1543494183,161,54,131233,NULL),(84,'阿道夫 轻柔丝滑洗发乳液系列 ',88,NULL,89,NULL,1,1,1,1,875,33,'20181129\\3c439011e1c2d0ddbbe17a4106d0e78d.jpg','',NULL,1543494258,160,76,12343,NULL),(85,'冰淇淋',13,NULL,123,NULL,1,1,2,2,875,213,'20181205\\77c62b98e4e2e5db44d44f42c4821207.jpg','20181205\\0a8eb55c20238d93d6158acc576ad73a.jpg|20181205\\92cab0451b760422ec9897d63a547d42.jpg|20181205\\880d3879c1d6108265147e9ce86cb559.jpg|',NULL,1543999448,107,84,NULL,NULL),(86,'啊啊啊',1231,NULL,1,NULL,1,1,1,2,123,12,'20181205\\aed4725a3d79db2ba318c972e1c84397.jpg','20181205\\ab730e84636069ae151d3f6873b4fb82.jpeg|20181205\\9359cea1414b013847912b136f7f2137.jpg|20181205\\33ff7f7d2444e1aba41ebefdee34dc47.jpeg|',NULL,1544009652,1,1,NULL,NULL),(87,'冰淇淋抱枕',123,NULL,1222,NULL,1,1,1,2,123,12,'20181205\\b3103050da4da7f24457f63a4cbb5a7b.jpeg','20181205\\f859ed371be57caf614155af981aa54c.jpg|20181205\\8b94156eb6a00f63a38c44abc14cf33b.jpg|',NULL,1544009913,71,26,NULL,NULL),(88,'大虾抱枕',1213,NULL,12322,NULL,1,1,2,2,12,12,'20181205\\692a349b837a4ade4d66bff49c86372b.jpeg','20181205\\5026d4842ba764980d802f3a8c503f08.jpeg|20181205\\ebbd7857aefb129c4a76d4804526c251.jpeg|20181205\\86693b8f87124b6a7eba24bab2483a44.jpg|','好看<img src=\"http://www.myshop.com/public/goodseditimgs/20181205\\a5b9bea7f68e2854eb4a78f3af8696b3.jpg\" alt=\"aa\">',1544010058,1,1,NULL,NULL),(89,'琳琳',123,NULL,123,NULL,1,1,2,2,121,213,'20181205\\7394d7813dc4e0f896b30e54fa167b68.jpeg','20181205\\a915dec322dac7cf32bdbc3db93ff52c.jpg|','123<img src=\"http://www.myshop.com/public/goodseditimgs/20181205\\11ec4a94f8503ea02e6f663266c4558b.jpg\" alt=\"aa\">',1544010499,10,84,NULL,NULL),(90,'秋冬女装韩版chic宽松套头卷边高领打底衫针织衫外穿毛衣上衣 ',40,NULL,50,NULL,1,1,2,2,318,12,'20181207\\811246bc3f63365ed3d96577ae557c88.jpg','20181207\\b100c3cdb693b778d80ee7b0ac3a7cfa.jpg|20181207\\82d315f9fc552f0589ec9e622e5baf4d.jpg|20181207\\1c94bbdf00381ee78db7d8f361ef6d7c.jpg|20181207\\aee743f85baee16f3c0b38fd1e163d5a.jpg|20181207\\ddb6d64511a47f97d68afbeb108967fc.jpg|20181207\\2ee29877632449c4','<div class=\"attributes\" id=\"attributes\"><ul class=\"attributes-list\"><li title=\"18-24周岁\" data-spm-anchor-id=\"2013.1.0.i3.2f8843b9qTtScO\">适用年龄:&nbsp;18-24周岁</li>\n            \n            <li title=\"均码\">尺码:&nbsp;均码</li>\n            \n            <li title=\"腈纶\">面料:&nbsp;腈纶</li>\n            \n            <li title=\"纯色\">图案:&nbsp;纯色</li>\n            \n            <li title=\"通勤\">风格:&nbsp;通勤</li>\n            \n            <li title=\"韩版\">通勤:&nbsp;韩版</li>\n            \n            <li title=\"高领\">领子:&nbsp;高领</li>\n            \n            <li title=\"套头\">衣门襟:&nbsp;套头</li>\n            \n            <li title=\"绿色 杏色 黑色 灰色 粉色\">颜色分类:&nbsp;绿色 杏色 黑色 灰色 粉色</li>\n            \n            <li title=\"常规\">袖型:&nbsp;常规</li>\n            \n            <li title=\"单件\">组合形式:&nbsp;单件</li>\n            \n            <li title=\"95%以上\">成分含量:&nbsp;95%以上</li>\n            \n            <li title=\"2018年冬季\">上市年份/季节:&nbsp;2018年冬季</li>\n            \n            <li title=\"长袖\">袖长:&nbsp;长袖</li>\n            \n            <li title=\"套头\">款式:&nbsp;套头</li>\n            \n            <li title=\"常规\">厚薄:&nbsp;常规</li>\n            \n            <li title=\"常规款\">衣长:&nbsp;常规款</li>\n            \n            <li title=\"宽松\">服装版型:&nbsp;宽松</li>\n            \n            </ul><p><ul class=\"attributes-list\"><li title=\"木耳\">流行元素/工艺:&nbsp;木耳</li><li title=\"木耳\"><img src=\"http://www.myshop.com/public/goodseditimgs/20181207\\5cb18e534ecc25b93933d8d5de964b21.jpg\" alt=\"aa\"><br></li></ul></p>\n    \n\n\n    \n\n\n        \n   \n</div><p><span>\n\n\n\n    \n\n        \n    \n</span></p><div class=\"J_DetailSection tshop-psm ke-post\" id=\"description\">\n    \n    <div class=\"content\" id=\"J_DivItemDesc\"><p style=\"text-align: center;\"></p></div></div><div class=\"tad-stage\" id=\"tad_second_area\" data-spm=\"4\" style=\"text-align: left;\"></div>',1544145333,40,19,NULL,NULL),(91,'抱枕',212,NULL,311,NULL,NULL,2,2,2,NULL,12,'20190109\\1fec4e8b3d69c5db0bf4d8c1f797b557.jpg','20190109\\7ee5f63e4cd07b67e9e9dbc2c8de2ba3.jpg|20190109\\2b5ad308415d9ea57bf4ab9e89942de0.jpg|20190109\\d38cfb7fc4eed82c017e5470ffeee9d1.jpg|','',1546996093,74,19,NULL,NULL),(98,'和田玉',999999,999996,10000000,NULL,1,1,1,1,NULL,66,'20190109\\27bef469dcba70b4274db2c03ba5e21b.jpg','20190109\\d0aed0cb4b96b28810a807b5520ba375.jpg|20190109\\aaca2beae496607f1c4698597ca2633f.jpeg|20190109\\b13471ea080710b77de864dcfccf3e8e.jpg|','<img src=\"http://www.myshop.com/public/goodseditimgs/20190109\\7a2b46f5bfbd8bebf115e64e84a7e781.jpg\" alt=\"aa\">',NULL,219,19,NULL,'BTS2019010918434500098');
/*!40000 ALTER TABLE `goods` ENABLE KEYS */;
UNLOCK TABLES;

--
-- Table structure for table `order`
--

DROP TABLE IF EXISTS `order`;
/*!40101 SET @saved_cs_client     = @@character_set_client */;
/*!40101 SET character_set_client = utf8 */;
CREATE TABLE `order` (
  `order_id` int(11) NOT NULL AUTO_INCREMENT,
  `order_num` varchar(255) DEFAULT NULL,
  `user_id` int(11) DEFAULT NULL,
  `order_count` varchar(255) DEFAULT NULL,
  `ctime` int(11) DEFAULT NULL,
  PRIMARY KEY (`order_id`)
) ENGINE=MyISAM AUTO_INCREMENT=28 DEFAULT CHARSET=utf8;
/*!40101 SET character_set_client = @saved_cs_client */;

--
-- Dumping data for table `order`
--

LOCK TABLES `order` WRITE;
/*!40000 ALTER TABLE `order` DISABLE KEYS */;
INSERT INTO `order` VALUES (1,'2019022706534215512504229477',27,'0.00',1551250422),(2,'2019022706554915512505496684',27,'0.00',1551250549),(3,'2019022715322215512815424358',27,'12052.00',1551281542),(4,'2019022717030915512869895267',27,'12052.00',1551286989),(5,'2019022717031115512869918895',27,'12052.00',1551286991),(6,'2019022717031215512869928683',27,'12052.00',1551286992),(7,'2019022717031215512869922122',27,'12052.00',1551286992),(8,'2019022717031315512869939447',27,'12052.00',1551286993),(9,'2019022717031315512869934889',27,'12052.00',1551286993),(10,'2019022717031315512869932785',27,'12052.00',1551286993),(11,'2019022717031315512869935519',27,'12052.00',1551286993),(12,'2019022717031415512869943280',27,'12052.00',1551286994),(13,'2019022717031415512869949422',27,'12052.00',1551286994),(14,'2019022717031415512869941914',27,'12052.00',1551286994),(15,'2019022717031415512869944852',27,'12052.00',1551286994),(16,'2019022717031415512869945348',27,'12052.00',1551286994),(17,'2019022717031515512869959525',27,'12052.00',1551286995),(18,'2019022717031515512869954277',27,'12052.00',1551286995),(19,'2019022717031515512869957585',27,'12052.00',1551286995),(20,'2019022717031515512869959536',27,'12052.00',1551286995),(21,'2019022717031515512869958521',27,'12052.00',1551286995),(22,'2019022717031515512869952162',27,'12052.00',1551286995),(23,'2019022717035315512870339560',27,'12052.00',1551287033),(24,'2019022718093215512909728061',27,'12052.00',1551290972),(25,'2019022806020815513337287129',27,'12800.00',1551333728),(26,'2019022806021915513337399902',27,'12800.00',1551333739),(27,'2019022806031815513337982044',27,'12052.00',1551333798);
/*!40000 ALTER TABLE `order` ENABLE KEYS */;
UNLOCK TABLES;

--
-- Table structure for table `order_details`
--

DROP TABLE IF EXISTS `order_details`;
/*!40101 SET @saved_cs_client     = @@character_set_client */;
/*!40101 SET character_set_client = utf8 */;
CREATE TABLE `order_details` (
  `id` int(11) NOT NULL AUTO_INCREMENT,
  `order_id` int(11) DEFAULT NULL,
  `user_id` int(11) DEFAULT NULL,
  `order_num` varchar(255) DEFAULT NULL,
  `goods_name` varchar(255) DEFAULT NULL,
  `goods_selfprice` varchar(255) DEFAULT NULL,
  `goods_img` varchar(255) DEFAULT NULL,
  `goods_status` varchar(255) DEFAULT NULL,
  `ctime` int(11) DEFAULT NULL,
  `goods_id` int(11) DEFAULT NULL,
  PRIMARY KEY (`id`)
) ENGINE=MyISAM AUTO_INCREMENT=109 DEFAULT CHARSET=utf8;
/*!40101 SET character_set_client = @saved_cs_client */;

--
-- Dumping data for table `order_details`
--

LOCK TABLES `order_details` WRITE;
/*!40000 ALTER TABLE `order_details` DISABLE KEYS */;
INSERT INTO `order_details` VALUES (1,1,27,'2019022706534215512504229477','乡康香卤蛋鸡蛋喜蛋','374','20181206\\b61777d81bd85f49ca861e54f5d6f79f.jpg','1',1551250422,6),(2,1,27,'2019022706534215512504229477','宝贝第一太空城堡0-4-6岁可躺可坐宝','1480','20181129\\eee365a282360184d22ece137a8028f8.jpg','1',1551250422,54),(3,1,27,'2019022706534215512504229477','雅兰卧室套餐 舒伯特真皮床+深睡1200','6599','20181129\\289ae010da968f619ef6fd35da31e926.jpg','1',1551250422,72),(4,1,27,'2019022706534215512504229477','¥3599.00 Haier/海尔 KFR-50GW/13NHA13','3599','20181129\\e4bc392c25020c4dd560b5756563798a.jpg','1',1551250422,24),(5,2,27,'2019022706554915512505496684','乡康香卤蛋鸡蛋喜蛋','374','20181206\\b61777d81bd85f49ca861e54f5d6f79f.jpg','1',1551250549,6),(6,2,27,'2019022706554915512505496684','宝贝第一太空城堡0-4-6岁可躺可坐宝','1480','20181129\\eee365a282360184d22ece137a8028f8.jpg','1',1551250549,54),(7,2,27,'2019022706554915512505496684','雅兰卧室套餐 舒伯特真皮床+深睡1200','6599','20181129\\289ae010da968f619ef6fd35da31e926.jpg','1',1551250549,72),(8,2,27,'2019022706554915512505496684','¥3599.00 Haier/海尔 KFR-50GW/13NHA13','3599','20181129\\e4bc392c25020c4dd560b5756563798a.jpg','1',1551250549,24),(9,3,27,'2019022715322215512815424358','乡康香卤蛋鸡蛋喜蛋','374','20181206\\b61777d81bd85f49ca861e54f5d6f79f.jpg','1',1551281542,6),(10,3,27,'2019022715322215512815424358','宝贝第一太空城堡0-4-6岁可躺可坐宝','1480','20181129\\eee365a282360184d22ece137a8028f8.jpg','1',1551281542,54),(11,3,27,'2019022715322215512815424358','雅兰卧室套餐 舒伯特真皮床+深睡1200','6599','20181129\\289ae010da968f619ef6fd35da31e926.jpg','1',1551281542,72),(12,3,27,'2019022715322215512815424358','¥3599.00 Haier/海尔 KFR-50GW/13NHA13','3599','20181129\\e4bc392c25020c4dd560b5756563798a.jpg','1',1551281542,24),(13,4,27,'2019022717030915512869895267','乡康香卤蛋鸡蛋喜蛋','374','20181206\\b61777d81bd85f49ca861e54f5d6f79f.jpg','1',1551286989,6),(14,4,27,'2019022717030915512869895267','宝贝第一太空城堡0-4-6岁可躺可坐宝','1480','20181129\\eee365a282360184d22ece137a8028f8.jpg','1',1551286989,54),(15,4,27,'2019022717030915512869895267','雅兰卧室套餐 舒伯特真皮床+深睡1200','6599','20181129\\289ae010da968f619ef6fd35da31e926.jpg','1',1551286989,72),(16,4,27,'2019022717030915512869895267','¥3599.00 Haier/海尔 KFR-50GW/13NHA13','3599','20181129\\e4bc392c25020c4dd560b5756563798a.jpg','1',1551286989,24),(17,5,27,'2019022717031115512869918895','乡康香卤蛋鸡蛋喜蛋','374','20181206\\b61777d81bd85f49ca861e54f5d6f79f.jpg','1',1551286991,6),(18,5,27,'2019022717031115512869918895','宝贝第一太空城堡0-4-6岁可躺可坐宝','1480','20181129\\eee365a282360184d22ece137a8028f8.jpg','1',1551286991,54),(19,5,27,'2019022717031115512869918895','雅兰卧室套餐 舒伯特真皮床+深睡1200','6599','20181129\\289ae010da968f619ef6fd35da31e926.jpg','1',1551286991,72),(20,5,27,'2019022717031115512869918895','¥3599.00 Haier/海尔 KFR-50GW/13NHA13','3599','20181129\\e4bc392c25020c4dd560b5756563798a.jpg','1',1551286991,24),(21,6,27,'2019022717031215512869928683','乡康香卤蛋鸡蛋喜蛋','374','20181206\\b61777d81bd85f49ca861e54f5d6f79f.jpg','1',1551286992,6),(22,6,27,'2019022717031215512869928683','宝贝第一太空城堡0-4-6岁可躺可坐宝','1480','20181129\\eee365a282360184d22ece137a8028f8.jpg','1',1551286992,54),(23,6,27,'2019022717031215512869928683','雅兰卧室套餐 舒伯特真皮床+深睡1200','6599','20181129\\289ae010da968f619ef6fd35da31e926.jpg','1',1551286992,72),(24,6,27,'2019022717031215512869928683','¥3599.00 Haier/海尔 KFR-50GW/13NHA13','3599','20181129\\e4bc392c25020c4dd560b5756563798a.jpg','1',1551286992,24),(25,7,27,'2019022717031215512869922122','乡康香卤蛋鸡蛋喜蛋','374','20181206\\b61777d81bd85f49ca861e54f5d6f79f.jpg','1',1551286992,6),(26,7,27,'2019022717031215512869922122','宝贝第一太空城堡0-4-6岁可躺可坐宝','1480','20181129\\eee365a282360184d22ece137a8028f8.jpg','1',1551286992,54),(27,7,27,'2019022717031215512869922122','雅兰卧室套餐 舒伯特真皮床+深睡1200','6599','20181129\\289ae010da968f619ef6fd35da31e926.jpg','1',1551286992,72),(28,7,27,'2019022717031215512869922122','¥3599.00 Haier/海尔 KFR-50GW/13NHA13','3599','20181129\\e4bc392c25020c4dd560b5756563798a.jpg','1',1551286992,24),(29,8,27,'2019022717031315512869939447','乡康香卤蛋鸡蛋喜蛋','374','20181206\\b61777d81bd85f49ca861e54f5d6f79f.jpg','1',1551286993,6),(30,8,27,'2019022717031315512869939447','宝贝第一太空城堡0-4-6岁可躺可坐宝','1480','20181129\\eee365a282360184d22ece137a8028f8.jpg','1',1551286993,54),(31,8,27,'2019022717031315512869939447','雅兰卧室套餐 舒伯特真皮床+深睡1200','6599','20181129\\289ae010da968f619ef6fd35da31e926.jpg','1',1551286993,72),(32,8,27,'2019022717031315512869939447','¥3599.00 Haier/海尔 KFR-50GW/13NHA13','3599','20181129\\e4bc392c25020c4dd560b5756563798a.jpg','1',1551286993,24),(33,9,27,'2019022717031315512869934889','乡康香卤蛋鸡蛋喜蛋','374','20181206\\b61777d81bd85f49ca861e54f5d6f79f.jpg','1',1551286993,6),(34,9,27,'2019022717031315512869934889','宝贝第一太空城堡0-4-6岁可躺可坐宝','1480','20181129\\eee365a282360184d22ece137a8028f8.jpg','1',1551286993,54),(35,9,27,'2019022717031315512869934889','雅兰卧室套餐 舒伯特真皮床+深睡1200','6599','20181129\\289ae010da968f619ef6fd35da31e926.jpg','1',1551286993,72),(36,9,27,'2019022717031315512869934889','¥3599.00 Haier/海尔 KFR-50GW/13NHA13','3599','20181129\\e4bc392c25020c4dd560b5756563798a.jpg','1',1551286993,24),(37,10,27,'2019022717031315512869932785','乡康香卤蛋鸡蛋喜蛋','374','20181206\\b61777d81bd85f49ca861e54f5d6f79f.jpg','1',1551286993,6),(38,10,27,'2019022717031315512869932785','宝贝第一太空城堡0-4-6岁可躺可坐宝','1480','20181129\\eee365a282360184d22ece137a8028f8.jpg','1',1551286993,54),(39,10,27,'2019022717031315512869932785','雅兰卧室套餐 舒伯特真皮床+深睡1200','6599','20181129\\289ae010da968f619ef6fd35da31e926.jpg','1',1551286993,72),(40,10,27,'2019022717031315512869932785','¥3599.00 Haier/海尔 KFR-50GW/13NHA13','3599','20181129\\e4bc392c25020c4dd560b5756563798a.jpg','1',1551286993,24),(41,11,27,'2019022717031315512869935519','乡康香卤蛋鸡蛋喜蛋','374','20181206\\b61777d81bd85f49ca861e54f5d6f79f.jpg','1',1551286993,6),(42,11,27,'2019022717031315512869935519','宝贝第一太空城堡0-4-6岁可躺可坐宝','1480','20181129\\eee365a282360184d22ece137a8028f8.jpg','1',1551286993,54),(43,11,27,'2019022717031315512869935519','雅兰卧室套餐 舒伯特真皮床+深睡1200','6599','20181129\\289ae010da968f619ef6fd35da31e926.jpg','1',1551286993,72),(44,11,27,'2019022717031315512869935519','¥3599.00 Haier/海尔 KFR-50GW/13NHA13','3599','20181129\\e4bc392c25020c4dd560b5756563798a.jpg','1',1551286993,24),(45,12,27,'2019022717031415512869943280','乡康香卤蛋鸡蛋喜蛋','374','20181206\\b61777d81bd85f49ca861e54f5d6f79f.jpg','1',1551286994,6),(46,12,27,'2019022717031415512869943280','宝贝第一太空城堡0-4-6岁可躺可坐宝','1480','20181129\\eee365a282360184d22ece137a8028f8.jpg','1',1551286994,54),(47,12,27,'2019022717031415512869943280','雅兰卧室套餐 舒伯特真皮床+深睡1200','6599','20181129\\289ae010da968f619ef6fd35da31e926.jpg','1',1551286994,72),(48,12,27,'2019022717031415512869943280','¥3599.00 Haier/海尔 KFR-50GW/13NHA13','3599','20181129\\e4bc392c25020c4dd560b5756563798a.jpg','1',1551286994,24),(49,13,27,'2019022717031415512869949422','乡康香卤蛋鸡蛋喜蛋','374','20181206\\b61777d81bd85f49ca861e54f5d6f79f.jpg','1',1551286994,6),(50,13,27,'2019022717031415512869949422','宝贝第一太空城堡0-4-6岁可躺可坐宝','1480','20181129\\eee365a282360184d22ece137a8028f8.jpg','1',1551286994,54),(51,13,27,'2019022717031415512869949422','雅兰卧室套餐 舒伯特真皮床+深睡1200','6599','20181129\\289ae010da968f619ef6fd35da31e926.jpg','1',1551286994,72),(52,13,27,'2019022717031415512869949422','¥3599.00 Haier/海尔 KFR-50GW/13NHA13','3599','20181129\\e4bc392c25020c4dd560b5756563798a.jpg','1',1551286994,24),(53,14,27,'2019022717031415512869941914','乡康香卤蛋鸡蛋喜蛋','374','20181206\\b61777d81bd85f49ca861e54f5d6f79f.jpg','1',1551286994,6),(54,14,27,'2019022717031415512869941914','宝贝第一太空城堡0-4-6岁可躺可坐宝','1480','20181129\\eee365a282360184d22ece137a8028f8.jpg','1',1551286994,54),(55,14,27,'2019022717031415512869941914','雅兰卧室套餐 舒伯特真皮床+深睡1200','6599','20181129\\289ae010da968f619ef6fd35da31e926.jpg','1',1551286994,72),(56,14,27,'2019022717031415512869941914','¥3599.00 Haier/海尔 KFR-50GW/13NHA13','3599','20181129\\e4bc392c25020c4dd560b5756563798a.jpg','1',1551286994,24),(57,15,27,'2019022717031415512869944852','乡康香卤蛋鸡蛋喜蛋','374','20181206\\b61777d81bd85f49ca861e54f5d6f79f.jpg','1',1551286994,6),(58,15,27,'2019022717031415512869944852','宝贝第一太空城堡0-4-6岁可躺可坐宝','1480','20181129\\eee365a282360184d22ece137a8028f8.jpg','1',1551286994,54),(59,15,27,'2019022717031415512869944852','雅兰卧室套餐 舒伯特真皮床+深睡1200','6599','20181129\\289ae010da968f619ef6fd35da31e926.jpg','1',1551286994,72),(60,15,27,'2019022717031415512869944852','¥3599.00 Haier/海尔 KFR-50GW/13NHA13','3599','20181129\\e4bc392c25020c4dd560b5756563798a.jpg','1',1551286994,24),(61,16,27,'2019022717031415512869945348','乡康香卤蛋鸡蛋喜蛋','374','20181206\\b61777d81bd85f49ca861e54f5d6f79f.jpg','1',1551286994,6),(62,16,27,'2019022717031415512869945348','宝贝第一太空城堡0-4-6岁可躺可坐宝','1480','20181129\\eee365a282360184d22ece137a8028f8.jpg','1',1551286994,54),(63,16,27,'2019022717031415512869945348','雅兰卧室套餐 舒伯特真皮床+深睡1200','6599','20181129\\289ae010da968f619ef6fd35da31e926.jpg','1',1551286994,72),(64,16,27,'2019022717031415512869945348','¥3599.00 Haier/海尔 KFR-50GW/13NHA13','3599','20181129\\e4bc392c25020c4dd560b5756563798a.jpg','1',1551286994,24),(65,17,27,'2019022717031515512869959525','乡康香卤蛋鸡蛋喜蛋','374','20181206\\b61777d81bd85f49ca861e54f5d6f79f.jpg','1',1551286995,6),(66,17,27,'2019022717031515512869959525','宝贝第一太空城堡0-4-6岁可躺可坐宝','1480','20181129\\eee365a282360184d22ece137a8028f8.jpg','1',1551286995,54),(67,17,27,'2019022717031515512869959525','雅兰卧室套餐 舒伯特真皮床+深睡1200','6599','20181129\\289ae010da968f619ef6fd35da31e926.jpg','1',1551286995,72),(68,17,27,'2019022717031515512869959525','¥3599.00 Haier/海尔 KFR-50GW/13NHA13','3599','20181129\\e4bc392c25020c4dd560b5756563798a.jpg','1',1551286995,24),(69,18,27,'2019022717031515512869954277','乡康香卤蛋鸡蛋喜蛋','374','20181206\\b61777d81bd85f49ca861e54f5d6f79f.jpg','1',1551286995,6),(70,18,27,'2019022717031515512869954277','宝贝第一太空城堡0-4-6岁可躺可坐宝','1480','20181129\\eee365a282360184d22ece137a8028f8.jpg','1',1551286995,54),(71,18,27,'2019022717031515512869954277','雅兰卧室套餐 舒伯特真皮床+深睡1200','6599','20181129\\289ae010da968f619ef6fd35da31e926.jpg','1',1551286995,72),(72,18,27,'2019022717031515512869954277','¥3599.00 Haier/海尔 KFR-50GW/13NHA13','3599','20181129\\e4bc392c25020c4dd560b5756563798a.jpg','1',1551286995,24),(73,19,27,'2019022717031515512869957585','乡康香卤蛋鸡蛋喜蛋','374','20181206\\b61777d81bd85f49ca861e54f5d6f79f.jpg','1',1551286995,6),(74,19,27,'2019022717031515512869957585','宝贝第一太空城堡0-4-6岁可躺可坐宝','1480','20181129\\eee365a282360184d22ece137a8028f8.jpg','1',1551286995,54),(75,19,27,'2019022717031515512869957585','雅兰卧室套餐 舒伯特真皮床+深睡1200','6599','20181129\\289ae010da968f619ef6fd35da31e926.jpg','1',1551286995,72),(76,19,27,'2019022717031515512869957585','¥3599.00 Haier/海尔 KFR-50GW/13NHA13','3599','20181129\\e4bc392c25020c4dd560b5756563798a.jpg','1',1551286995,24),(77,20,27,'2019022717031515512869959536','乡康香卤蛋鸡蛋喜蛋','374','20181206\\b61777d81bd85f49ca861e54f5d6f79f.jpg','1',1551286995,6),(78,20,27,'2019022717031515512869959536','宝贝第一太空城堡0-4-6岁可躺可坐宝','1480','20181129\\eee365a282360184d22ece137a8028f8.jpg','1',1551286995,54),(79,20,27,'2019022717031515512869959536','雅兰卧室套餐 舒伯特真皮床+深睡1200','6599','20181129\\289ae010da968f619ef6fd35da31e926.jpg','1',1551286995,72),(80,20,27,'2019022717031515512869959536','¥3599.00 Haier/海尔 KFR-50GW/13NHA13','3599','20181129\\e4bc392c25020c4dd560b5756563798a.jpg','1',1551286995,24),(81,21,27,'2019022717031515512869958521','乡康香卤蛋鸡蛋喜蛋','374','20181206\\b61777d81bd85f49ca861e54f5d6f79f.jpg','1',1551286995,6),(82,21,27,'2019022717031515512869958521','宝贝第一太空城堡0-4-6岁可躺可坐宝','1480','20181129\\eee365a282360184d22ece137a8028f8.jpg','1',1551286995,54),(83,21,27,'2019022717031515512869958521','雅兰卧室套餐 舒伯特真皮床+深睡1200','6599','20181129\\289ae010da968f619ef6fd35da31e926.jpg','1',1551286995,72),(84,21,27,'2019022717031515512869958521','¥3599.00 Haier/海尔 KFR-50GW/13NHA13','3599','20181129\\e4bc392c25020c4dd560b5756563798a.jpg','1',1551286995,24),(85,22,27,'2019022717031515512869952162','乡康香卤蛋鸡蛋喜蛋','374','20181206\\b61777d81bd85f49ca861e54f5d6f79f.jpg','1',1551286995,6),(86,22,27,'2019022717031515512869952162','宝贝第一太空城堡0-4-6岁可躺可坐宝','1480','20181129\\eee365a282360184d22ece137a8028f8.jpg','1',1551286995,54),(87,22,27,'2019022717031515512869952162','雅兰卧室套餐 舒伯特真皮床+深睡1200','6599','20181129\\289ae010da968f619ef6fd35da31e926.jpg','1',1551286995,72),(88,22,27,'2019022717031515512869952162','¥3599.00 Haier/海尔 KFR-50GW/13NHA13','3599','20181129\\e4bc392c25020c4dd560b5756563798a.jpg','1',1551286995,24),(89,23,27,'2019022717035315512870339560','乡康香卤蛋鸡蛋喜蛋','374','20181206\\b61777d81bd85f49ca861e54f5d6f79f.jpg','1',1551287033,6),(90,23,27,'2019022717035315512870339560','宝贝第一太空城堡0-4-6岁可躺可坐宝','1480','20181129\\eee365a282360184d22ece137a8028f8.jpg','1',1551287033,54),(91,23,27,'2019022717035315512870339560','雅兰卧室套餐 舒伯特真皮床+深睡1200','6599','20181129\\289ae010da968f619ef6fd35da31e926.jpg','1',1551287033,72),(92,23,27,'2019022717035315512870339560','¥3599.00 Haier/海尔 KFR-50GW/13NHA13','3599','20181129\\e4bc392c25020c4dd560b5756563798a.jpg','1',1551287033,24),(93,24,27,'2019022718093215512909728061','乡康香卤蛋鸡蛋喜蛋','374','20181206\\b61777d81bd85f49ca861e54f5d6f79f.jpg','1',1551290972,6),(94,24,27,'2019022718093215512909728061','宝贝第一太空城堡0-4-6岁可躺可坐宝','1480','20181129\\eee365a282360184d22ece137a8028f8.jpg','1',1551290972,54),(95,24,27,'2019022718093215512909728061','雅兰卧室套餐 舒伯特真皮床+深睡1200','6599','20181129\\289ae010da968f619ef6fd35da31e926.jpg','1',1551290972,72),(96,24,27,'2019022718093215512909728061','¥3599.00 Haier/海尔 KFR-50GW/13NHA13','3599','20181129\\e4bc392c25020c4dd560b5756563798a.jpg','1',1551290972,24),(97,25,27,'2019022806020815513337287129','乡康香卤蛋鸡蛋喜蛋','374','20181206\\b61777d81bd85f49ca861e54f5d6f79f.jpg','1',1551333728,6),(98,25,27,'2019022806020815513337287129','宝贝第一太空城堡0-4-6岁可躺可坐宝','1480','20181129\\eee365a282360184d22ece137a8028f8.jpg','1',1551333728,54),(99,25,27,'2019022806020815513337287129','雅兰卧室套餐 舒伯特真皮床+深睡1200','6599','20181129\\289ae010da968f619ef6fd35da31e926.jpg','1',1551333728,72),(100,25,27,'2019022806020815513337287129','¥3599.00 Haier/海尔 KFR-50GW/13NHA13','3599','20181129\\e4bc392c25020c4dd560b5756563798a.jpg','1',1551333728,24),(101,26,27,'2019022806021915513337399902','乡康香卤蛋鸡蛋喜蛋','374','20181206\\b61777d81bd85f49ca861e54f5d6f79f.jpg','1',1551333739,6),(102,26,27,'2019022806021915513337399902','宝贝第一太空城堡0-4-6岁可躺可坐宝','1480','20181129\\eee365a282360184d22ece137a8028f8.jpg','1',1551333739,54),(103,26,27,'2019022806021915513337399902','雅兰卧室套餐 舒伯特真皮床+深睡1200','6599','20181129\\289ae010da968f619ef6fd35da31e926.jpg','1',1551333739,72),(104,26,27,'2019022806021915513337399902','¥3599.00 Haier/海尔 KFR-50GW/13NHA13','3599','20181129\\e4bc392c25020c4dd560b5756563798a.jpg','1',1551333739,24),(105,27,27,'2019022806031815513337982044','乡康香卤蛋鸡蛋喜蛋','374','20181206\\b61777d81bd85f49ca861e54f5d6f79f.jpg','1',1551333798,6),(106,27,27,'2019022806031815513337982044','宝贝第一太空城堡0-4-6岁可躺可坐宝','1480','20181129\\eee365a282360184d22ece137a8028f8.jpg','1',1551333798,54),(107,27,27,'2019022806031815513337982044','雅兰卧室套餐 舒伯特真皮床+深睡1200','6599','20181129\\289ae010da968f619ef6fd35da31e926.jpg','1',1551333798,72),(108,27,27,'2019022806031815513337982044','¥3599.00 Haier/海尔 KFR-50GW/13NHA13','3599','20181129\\e4bc392c25020c4dd560b5756563798a.jpg','1',1551333798,24);
/*!40000 ALTER TABLE `order_details` ENABLE KEYS */;
UNLOCK TABLES;

--
-- Table structure for table `shop_brand`
--

DROP TABLE IF EXISTS `shop_brand`;
/*!40101 SET @saved_cs_client     = @@character_set_client */;
/*!40101 SET character_set_client = utf8 */;
CREATE TABLE `shop_brand` (
  `brand_id` int(11) NOT NULL AUTO_INCREMENT,
  `brand_name` varchar(45) DEFAULT NULL,
  `brand_url` varchar(45) DEFAULT NULL,
  `brand_logo` varchar(100) DEFAULT NULL,
  `brand_describe` varchar(100) DEFAULT NULL,
  `brand_sort` int(11) DEFAULT NULL,
  `brand_show` tinyint(4) DEFAULT NULL,
  `create_time` int(11) DEFAULT NULL,
  PRIMARY KEY (`brand_id`)
) ENGINE=InnoDB AUTO_INCREMENT=103 DEFAULT CHARSET=utf8;
/*!40101 SET character_set_client = @saved_cs_client */;

--
-- Dumping data for table `shop_brand`
--

LOCK TABLES `shop_brand` WRITE;
/*!40000 ALTER TABLE `shop_brand` DISABLE KEYS */;
INSERT INTO `shop_brand` VALUES (1,'海尔','http://www.tiantang.com','20181114\\3c91ef111d749d0bf8f42dc301db0b68.PNG','实用',NULL,1,1542179436),(3,'美的','http://www.lening.com','20181114\\ce44897c611ceaef3689856fe7049e23.PNG','培养人才',NULL,1,1542179912),(14,'志高空调','http://www.aikeda.com','20181114\\6285c4afc4c175e2e2604b39b80a8306.PNG','爽肤水',NULL,1,1542180203),(15,'富光','http://www.fuguang.com','20181114\\9894a87bb6aed60fd14f4af155dd64cb.PNG','耐用',NULL,1,1542180481),(17,'蒙牛','www.mengniu.com','20181114\\0b73c3509938d0c9cf3fb24150e8a622.PNG','纯天然有机奶',NULL,1,1542180733),(19,'Alili','http://fisf.com','20181115\\5bf6697cef254abc2fd5afbcb1de99e1.PNG','世界顶端高级服装',NULL,1,1542246007),(20,'skfsk','http://www.cop.com','20181115\\8e52bf0a5094f4b917afce71b03dcf14.PNG','afafa',NULL,1,1542246150),(21,'小米','http://skfs.com','20181115\\5ea71fbdc314e48dd7a6380a815f391c.PNG','便宜实惠',NULL,1,1542246588),(22,'格兰仕','http://skfs.com','20181115\\5896a08cc9fa08ba189256666e830b28.PNG','asfks',NULL,1,1542247157),(23,'njcz','http://afaa.com','20181115\\4dc6602a1078b5b3c11d90ac088f5691.PNG','sfsfs',NULL,1,1542247287),(24,'slfs','http://daaa.com','20181115\\8a1a4fc4a2c9dab1690b49e454f33f5f.PNG','sgsg',NULL,1,1542247688),(25,'wtw','http://sfsfs.com','20181115\\98637b4718ea999bae52789dbe96f5b9.PNG','sfsf',NULL,1,1542247721),(26,'三星','http://www.oo.com','20181116\\0f2a12a99cbebd5fde9c73a89cb78160.PNG','会爆炸',NULL,1,1542328772),(27,'彪马','http://www.biaoma.com','20181121\\41acf56d0010651a0a00a47e6fc8a9c4.PNG','穿着舒服，样式好看',NULL,1,1542798069),(28,'周大福','http://www.zhoudafu.com','20181129\\44f6137c14c6aee5a57d917937139994.jpg','jskjkkkddddddddddd',NULL,1,1543486708),(29,'周生生','http://www.zhoushengsheng.com','','ssaaqer',NULL,1,1543486803),(30,'老庙','http://www.laomiao.com','','sxaqaA',NULL,1,1543486870),(31,'中国黄金','http://www.zhonggouhuangjin.com','','AZSXSSS',NULL,1,1543486969),(32,'六福珠宝','http://www.liufuzhubao.com','','ssnsnsnsss',NULL,1,1543487055),(33,'卡蒂罗','http://www.kadilou.com','','swwssssss',NULL,1,1543487151),(34,'伊泰莲娜','http://www.yitailainna.com','','ssswqqqq',NULL,1,1543487221),(35,'周大生','http://www.zhoudasheng.com','','wwqqqdeds',NULL,1,1543487293),(36,'苹果','http://wwww.sksks.com','','swssss',NULL,1,1543487385),(37,'华为','http://www.shsjs.com','','szssssss',NULL,1,1543487420),(38,'佳能','http://wwwfhjs.com','','sxsswswswxs',NULL,1,1543487493),(39,'纽曼','http://wwwsjsjs.com','','wssqaaq',NULL,1,1543487525),(40,'松下','http://wwwsd.com','','asssss',NULL,1,1543487552),(41,'飞利浦','http://www.shfcjsjd.com','','aswsxs',NULL,1,1543487596),(42,'诺基亚','http://usjsw.com','','sswswszsw',NULL,1,1543487675),(43,'索尼','http://wwwjsjsjs.com','','zssxdxs',NULL,1,1543487710),(44,'戴森','http://cfhdxjss.com','','xxxxxx',NULL,1,1543487839),(45,'韩夫人','http://jsjss.com','','sssss',NULL,1,1543487929),(46,'小狗','http://shsjus.com','','sssxss',NULL,1,1543487978),(47,'博世','http://sjussjs.com','','sssss',NULL,1,1543488053),(48,'杰诺','http://hshss.com','','ssssw',NULL,1,1543488104),(49,'苏泊尔','http://hshshs.com','','sssss',NULL,1,1543488151),(50,'惠而浦','http://ysshs.com','','sssss',NULL,1,1543488204),(51,'卡赫','http://sxjsjs.com','','ssss',NULL,1,1543488267),(52,'太平鸟','http://hdhdj.com','','dedddd',NULL,1,1543488450),(53,'优衣库','http://hshsh.com','','sxsss',NULL,1,1543488499),(54,'伊芙丽','http://hdjdjs.com','','ssss',NULL,1,1543488560),(55,'丽丽','http://hshjsss.com','','sxwsxs',NULL,1,1543488603),(56,'欧时力','http://shshs.com','','sssssss',NULL,1,1543488694),(57,'韩都衣舍','http://shshsh.com','','xxxxxxx',NULL,1,1543488759),(58,'ZARA','http://yshyshs.com','','sssss',NULL,1,1543488796),(59,'音儿','http://hshshs.com','','sssss',NULL,1,1543488889),(60,'易果生鲜','http://hshs.com','','sssssws',NULL,1,1543488959),(61,'佳沛','http://hshh.com','','sssssss',NULL,1,1543489005),(62,'农存','http://hszhnss.com','','ssssss',NULL,1,1543489055),(63,'民禾生鲜','http://hsxjsjs.com','','sxss',NULL,1,1543489111),(64,'恬意','http://shshs.com','','ssssxss',NULL,1,1543489189),(65,'煎虾客','http://hshsjs.com','','sssxss',NULL,1,1543489359),(66,'洛川苹果','http://shhssh.com','','ssssss',NULL,1,1543489399),(67,'秦觅','http://sjsj.com','','ssssss',NULL,1,1543489438),(68,'费雪','http://hssjj.com','','ssssss',NULL,1,1543489537),(69,'拉拉布书','http://gshsh.com','','xsss',NULL,1,1543489568),(70,'贝易','http://shhjsj.com','','ssss',NULL,1,1543489612),(71,'原乐宝','http://snsn.com','','wssss',NULL,1,1543489726),(72,'育儿宝','http://jmsjsjs.com','','sssss',NULL,1,1543489759),(73,'聚乐宝贝','http://mjsjsj.com','','sssssss',NULL,1,1543489817),(74,'澳贝','http://shsjjs.com','','ssssss',NULL,1,1543489851),(75,'知识花园','http://hsjjs.com','','sssssss',NULL,1,1543489908),(76,'安捷顺','http://hsjsj.com','','ssssss',NULL,1,1543490043),(77,'易得利','http://shshjs.com','','ssssss',NULL,1,1543490092),(78,'ZG','http://ujsjusju.com','','ssssss',NULL,1,1543490112),(79,'海蒂诗','http://ssjjs.com','','ssssss',NULL,1,1543490145),(80,'法福瑞','http://jsjsj.com','','ssssss',NULL,1,1543490280),(81,'春合','http://hsjsjs.com','','sssssqqaa',NULL,1,1543490320),(82,'固德','http://shnsj.com','','sssssaaa',NULL,1,1543490368),(83,'荣水','http://shhhs.com','','sssqq',NULL,1,1543490417),(84,'三只松鼠','http://hsjsj.com','','ssssq',NULL,1,1543490592),(85,'稻香村','http://sbsnhjn.com','','ssaAQ',NULL,1,1543490617),(86,'皇冠','http://snhsj.com','','sswswqq',NULL,1,1543490646),(87,'百草味','http://sjsk.com','','sssq',NULL,1,1543490670),(88,'奥利奥','http://shhsj.com','','sxsssa',NULL,1,1543490763),(89,'乐事','http://sjsh.com','','ssxsqaq',NULL,1,1543490849),(90,'口水娃','http://sjsjs.com','','sssqq',NULL,1,1543490885),(91,'旺旺','http://hxhsx.com','','ssssq',NULL,1,1543490918),(92,'仙艾','http://sjsj.com','','sssqqq',NULL,1,1543491112),(93,'茶花','http://sghsh.com','','sssqqqq',NULL,1,1543491138),(94,'宏米','http://sxjsksk.com','','sssqaq',NULL,1,1543491212),(95,'道益创','http://shshsj.com','','sssaqqq',NULL,1,1543491269),(96,'避风港','http://shsh.com','','sqsqqw',NULL,1,1543491317),(97,'索夫卡','http://sjsj.com','','ssqqq',NULL,1,1543491344),(98,'水芙兰','http://sjsj.com','','sqq',NULL,1,1543491394),(99,'鱼跃','http://sjhsj.com','','sqqq',NULL,1,1543491431),(100,'圣罗兰','http://shshhj.com','','swsqq',NULL,1,1543491533),(101,'BOB','http://jsjsj.com','','sswwaq',NULL,1,1543491654),(102,'欧诗漫','http://sjj.com','','swswqwq',NULL,1,1543491711);
/*!40000 ALTER TABLE `shop_brand` ENABLE KEYS */;
UNLOCK TABLES;

--
-- Table structure for table `user`
--

DROP TABLE IF EXISTS `user`;
/*!40101 SET @saved_cs_client     = @@character_set_client */;
/*!40101 SET character_set_client = utf8 */;
CREATE TABLE `user` (
  `id` int(11) NOT NULL AUTO_INCREMENT,
  `name` varchar(255) DEFAULT NULL,
  `pwd` varchar(255) DEFAULT NULL,
  PRIMARY KEY (`id`)
) ENGINE=MyISAM AUTO_INCREMENT=28 DEFAULT CHARSET=utf8;
/*!40101 SET character_set_client = @saved_cs_client */;

--
-- Dumping data for table `user`
--

LOCK TABLES `user` WRITE;
/*!40000 ALTER TABLE `user` DISABLE KEYS */;
INSERT INTO `user` VALUES (17,'13781969890','4297f44b13955235245b2497399d7a93'),(18,'13781969891','4297f44b13955235245b2497399d7a93'),(19,'13781969899','4297f44b13955235245b2497399d7a93'),(20,'13781969893','4297f44b13955235245b2497399d7a93'),(22,'13781969895','4297f44b13955235245b2497399d7a93'),(27,'13262108253','4297f44b13955235245b2497399d7a93');
/*!40000 ALTER TABLE `user` ENABLE KEYS */;
UNLOCK TABLES;
/*!40103 SET TIME_ZONE=@OLD_TIME_ZONE */;

/*!40101 SET SQL_MODE=@OLD_SQL_MODE */;
/*!40014 SET FOREIGN_KEY_CHECKS=@OLD_FOREIGN_KEY_CHECKS */;
/*!40014 SET UNIQUE_CHECKS=@OLD_UNIQUE_CHECKS */;
/*!40101 SET CHARACTER_SET_CLIENT=@OLD_CHARACTER_SET_CLIENT */;
/*!40101 SET CHARACTER_SET_RESULTS=@OLD_CHARACTER_SET_RESULTS */;
/*!40101 SET COLLATION_CONNECTION=@OLD_COLLATION_CONNECTION */;
/*!40111 SET SQL_NOTES=@OLD_SQL_NOTES */;

-- Dump completed on 2019-03-02 10:47:35
